Bid Number,School,Debater 1,Debater 2,Year
1,Georgetown,Stewart Jay,Brad Ziff,1973
2,Northwestern,Ron Marmer,Elliott Minceberg,1973
3,Georgetown,Thomas Devine,Jeffreyt Ruch,1973
4,UCLA,Frank Kimball,Royal Oakes,1973
5,George Washington,Steve Johnson,Mary Alyce McKeen,1973
6,Kansas,William Hensley,William Russell,1973
7,Redlands,Greg Amundson,Josh Cates,1973
8,North Carolina,Campbell,Dillard,1973
9,Harvard,Charles Garvin,Peter O'Connell,1973
10,West Georgia,Barry Banther,Elliott Pood,1973
11,USC,Tom Hozduk,Steve Swander,1973
12,George Washington,Mike Bott,Jerry Ledford,1973
13,Houston,Linda Listrom,OIivier,1973
14,Dartmouth,Robert Branham,Tom Foley,1973
15,UC Santa Barbara,Mike Clough,Mike Comyns,1973
16,Pittsburgh,James Kearney,John Strand,1973
,,,,
1,Harvard,Charles Garvin,Greg Rosenbaum,1974
2,Kansas,Joel Goldman,William Webster,1974
3,USC,Michael Higelin,Tom Hozduk,1974
4,Houston,Marvin Isgur,Linda Listrom,1974
5,North Carolina,Cole Campbell,Tom Dillard,1974
6,University of Kentucky,Jim Flegle,Ben Jones,1974
7,Northwestern,Paul Clote,Erwin Chemerinsky,1974
8,Augustana IL,Bob Feldhake,Rick Godfrey,1974
9,Pittsburgh,David Schiller,Ken Simon,1974
10,Baylor,Jay Hurst,Jerry Powell,1974
11,USC,Glenn Johnson,Larry Solum,1974
12,Canisiu College,Mary Grace Diehl,Lynne Monaco,1974
13,Georgetown,Brad Ziff,Tom Rollins,1974
14,Northwestern,Rick Horrow,Alan Loewinsohn,1974
15,Wyoming,Dennis Burma,David Dow,1974
16,Eastern Illinois,Rory McGintry,Mike Heath,1974
,,,,
1,Georgetown,Tom Rollins,Brad Ziff,1975
2,Redlands,Konrad Clark,Pat Webb,1975
3,MIT,Jack Segal,Larry Summers,1975
4,Northwestern,Erwin Chemerinsky,Alan Loewinsohn,1975
5,Redlands,Greg Ballard,Bill Smelko,1975
6,USC,Jack Martin,Larry Solum,1975
7,Augustana IL,Bob Feldhake,Rick Godfrey,1975
8,Baylor,Jay Hurst,David Kent,1975
9,Wyoming,Dennis Dow,Doug Reeves,1975
10,Boston College,John Meany,Mike Reilly,1975
11,University of Kentucky,Gil Skillman,Mary Thomson,1975
12,Boston University,Michael Heath,Ted Olsen,1975
13,Kansas,Frank Cross,Robin Rowland,1975
14,West Georgia,Geoge Knapp,Jean-Pierre Sakey,1975
15,Macalester,Jeanne Forneris,Richard Lesicko,1975
16,Wake Forest,Kevin Quinley,Roger Solt,1975
,,,,
1,Augustana IL,Bob Feldhake,Rick Godfrey,1976
2,Georgetown,Tom Rollins,John Walker,1976
3,Harvard,Mark Helm,L. Jeffrey Pash,1976
4,University of Kentucky,Gerald Oberst,Gilbert Skillman,1976
5,Kansas,Frank Cross,Robin Rowland,1976
6,Redlands,Mark Fabiani,Phil Zelikow,1976
7,Catholic,Chris Mooney,Geoff Ringer,1976
8,Kansas,Jim Prentice,Phil Snow,1976
9,Northwestern,Louis Kaplow,Alan Loewinsohn,1976
10,Wake Forest,Mary Thomson McLean,Todd Woodbury,1976
11,Utah,Kelley Beck,Robert Bentley,1976
12,UCLA,Andy Demetriou,Mike Hartmann,1976
13,USC,Mike Devlin,Larry Solum,1976
14,Wake Forest,John Graham,Roger Solt,1976
15,Houston,Mike Lee,Barbara Radnofsky,1976
16,Emporia,Joe Fellers,Marjorie Keeshan,1976
,,,,
1,Georgetown,David Ottoson,John Walker,1977
2,Kansas,Frank Cross,Robin Rowland,1977
3,USC,Steven Combs,Leslie Sherman,1977
4,Harvard,Helm,Jeff Pash,1977
5,University of Kentucky,Jerry Oberst,Gil Skillman,1977
6,Northwestern,David Love,Stuart Singer,1977
7,Macalester,Bob Phelps,Kit Pierson,1977
8,Georgia,John Bow,Don Lively,1977
9,Emory,David Klimchak,Joe Tankersley,1977
10,USC,Jon Cassanelli,Jeff Lorenzen,1977
11,Redlands,Mark Fabiani,Paul McNamara,1977
12,Arizona,Joe Demer,Greg Osborne,1977
13,North Carolina,Walker Smith,David Williams,1977
14,Harvard,Bert Bernheim,Stan Dorn,1977
15,Macalester,Ron Kammer,William Piels,1977
16,Catholic,Tony Corrado,David Shattuck,1977
,,,,
1,Georgetown,David Ottoson,Tom Rollins,1978
2,Northwestern,Mark Cotham,Stuart Singer,1978
3,Redlands,Mark Fabiani,Mark Warfel,1978
4,USC,Jon Cassanelli,Steven Combs,1978
5,Alabama,Fred Fohrell,John Mandt,1978
6,Harvard,Michael King,Alfred Metz,1978
7,Canisius College,Robert Schwab,Richard Werder,1978
8,Wake Forest,John Graham,Ross Smith,1978
9,Houston,Darryl Carter,Philip Durst,1978
10,Macalester,Bob Phelps,Kit Pierson,1978
11,Northwestern,Tom Fulkerson,Chris Wonnell,1978
12,Dartmouth,Robert Meadow,Steve Parker,1978
13,Fullerton,Leon Harris,Thomas Moore,1978
14,Morehead State,Michael Bryant,Michael Shelton,1978
15,Utah,Rene Lastreto,Mike Nash,1978
16,Eastern Illinois,Marian Bollinger,Jim Curtis,1978
,,,,
1,Northwestern,Susan Winkley,Chris Wonnell,1979
2,Harvard,William Foutz,Sandra Seville-Jones,1979
3,Central Florida,Jeff Liddicoat,Barry Ragsdale,1979
4,West Georgia,Randy Evans,Paul Weathington,1979
5,Redlands,Mark Fabiani,Mark Warfel,1979
6,Northwestern,Mark Cotham,Don Dripps,1979
7,Morehead State,Dwaine Hemphill,Michael Shelton,1979
8,Harvard,John Bredehoft,Michael King,1979
9,Kansas,Kevin Fowler,Steve Griffin,1979
10,USC,Maerowitz,Mohr,1979
11,Georgetown,James Kirkland,John Thompson,1979
12,Dartmouth,Thomas Isaacson,Stephen Meagher,1979
13,SW Louisana,Arceneaux,Beyer,1979
14,Mercer,Ronald Hill,John Watkins,1979
15,Arizona,Robert Charles,Ann Hardy,1979
16,Eastern Illinois,Allen Bucknell,Jim Curtis,1979
,,,,
1,Georgetown,James Kirkland,John Thompson,1980
2,Dartmouth,Thomas Isaacson,Stephen Meagher,1980
3,Harvard,John Bredehoft,William Foutz,1980
4,University of Kentucky,Jeff Jones,Steve Mancuso,1980
5,Northwestern,Don Dripps,Tom Fulkerson,1980
6,Redlands,Lane Bearden,Bill Isaacson,1980
7,Central Florida,Jeff Liddicoat,Barry Ragsdale,1980
8,Augustana IL,Dean Hammer,Kyle Pasewark,1980
9,Wayne State,Kevin Buchanan,Scott Harris,1980
10,Morehead State,Michael Bryant,Dwaine Hemphill,1980
11,Lewis & Clark,Mike Alberty,Mike Allen,1980
12,West Georgia,Randy Evans,Paul Weathington,1980
13,Louisville,Dave Sutherland,Dan Sutherland,1980
14,Pittsburgh,Stephen Marzen,Mark Reed,1980
15,USC,Rick Rollino,Kelli Sager,1980
16,Utah,Brad Meryhew,Martin Sadler,1980
,,,,
1,Dartmouth,Cy Smith,Mark Weinhardt,1981
2,University of Kentucky,Jeff Jones,Steve Mancuso,1981
3,West Georgia,Kelli Sager,Paul Weathington,1981
4,Pittsburgh,Michael Alberty,Stephen Marzen,1981
5,Louisville,Dave Sutherland,Dan Sutherland,1981
6,Wayne State,David Debold,Scott Harris,1981
7,Redlands,Bill Isaacson,Jeff Wagner,1981
8,Bates,Barry Boss,Michael Laurence,1981
9,Arizona,Elaine Charlson,Gerry Paul,1981
10,West Georgia,Jeff Arrington,Cary Ichter,1981
11,Augustana IL,Dean Hammer,Kyle Paseewark,1981
12,Redlands,Chuck Ballingall,Lee Silver,1981
13,Dartmouth,Robin Jacobsohn,Tom Lyon,1981
14,Georgetown,John Barrett,Paul Bland,1981
15,Samford,John McWhorter,Erik Walker,1981
16,Southwestern,Carik Tutzauer,Frank Tutzauer,1981
,,,,
1,Kansas,Mark Gidley,Zak Grant,1982
2,West Georgia,Jeff Arrington,Alex Peragine,1982
3,University of Kentucky,Steve Mancuso,Condon McGlothlen,1982
4,Redlands,Bill Isaacson,Jeff Wagner,1982
5,Louisville,Dave Sutherland,Dan Sutherland,1982
6,Dartmouth,Robin Jacobsohn,Mark Weinhardt,1982
7,Arizona,Steve Goldstein,Gerry Paul,1982
8,Samford,Melanie Gardner,Erik Walker,1982
9,Georgetown,John Barrett,Paul Bland,1982
10,Loyola Marymount,Doug Cotton,Jeff Thomas,1982
11,Kansas,Paul Leader,Rodger Payne,1982
12,Emory,Bill Brewster,Mike Hancock,1982
13,Baylor,Katherine Lunsford,Robert Mackley,1982
14,Loyola Marymount,John Doran,Tim Sanders,1982
15,Baylor,William Fouche,Vance Wittie,1982
16,Arizona,Sam Cohen,Tim Norman,1982
,,,,
1,Samford,Melanie Gardner,Erik Walker,1983
2,Dartmouth,Robin Jacobsohn,Thomas Lyon,1983
3,Georgetown,John Barrett,Darin Snyder,1983
4,Northwestern,Doug Sigel,David Weisberger,1983
5,Kansas,Mark Gidley,Rodger Payne,1983
6,Dartmouth,Leonard Gail,Mark Koulogeorge,1983
7,Harvard,Jonathan Massey,Jonathan Wiener,1983
8,Baylor,Katherine Lunsford,Robert Mackley,1983
9,Northwestern,Lance Rosensweig,Rick Zeilenga,1983
10,Loyola Marymount,Doug Cotton,Jeff Thomas,1983
11,Arizona,Sam Cohen,Steve Goldstein,1983
12,Emory,Bill Brewster,Mike Hancock,1983
13,Loyola Marymount,Larry Panek,Tim Sanders,1983
14,Emory,Lee Gregory,Rich Robins,1983
15,Augustana SD,Cindy Leiferman,Steve Simmons,1983
16,Bates,Steve Dolley,Glenn Graham,1983
,,,,
1,Dartmouth,Leonard Gail,Mark Koulogeorge,1984
2,Harvard,Jonathan Massey,Jonathan Wiener,1984
3,Emory,Bill Brewster,Rich Robins,1984
4,Loyola Marymount,Larry Panek,Tim Sanders,1984
5,Northwestern,Bob Easton,Doug Sigel,1984
6,Bates,Steven Dolley,Glenn Graham,1984
7,Georgetown,Ken Karas,Darin Snyder,1984
8,Louisville,Cindy Leiferman,Mark Whitehead,1984
9,West Georgia,Scott Forster,Lewis Lamb,1984
10,Wake Forest,David Cheshier,Greg Leman,1984
11,Macalester,Patty Davies,Greg Mastel,1984
12,Arizona,Clif Barry,Eric Fryar,1984
13,University of Kentucky,Michael Mankins,Ouita Papka,1984
14,Dartmouth,Meredith McClintock,Karen McGaffey,1984
15,Kansas,Jerry Gaines,David Rhaesa,1984
16,Samford,Don Hall,Forrest Kontomitras,1984
,,,,
1,Claremont,David Bloom,Greg Mastel,1985
2,University of Kentucky,Michael Mankins,Ouita Papka,1985
3,Baylor,Mark Dyer,Lyn Robbins,1985
4,Harvard,Jonathan Massey,Ed Swaine,1985
5,Bates,Glenn Graham,Paul Rosenthal,1985
6,Northwestern,Les Lynn,Doug Sigel,1985
7,Emory,Doug Arney,Scott Segal,1985
8,Massachusetts,Mark Friedman,Danny Povinelli,1985
9,Dartmouth,Erik Jaffe,Karen McGaffey,1985
10,Loyola Marymount,John Doran,Peter Ferguson,1985
11,Eastern Illinois,Jon-Pierre Frenza,Jeff LaFave,1985
12,Kansas,John Culver,Jerry Gaines,1985
13,Georgia State,Bill Russell,William Varnadoe,1985
14,Louisville,Lynn Bearden,Mark Whitehead,1985
15,Iowa,Robert Garman,Karla Leeper,1985
16,North Carolina,Mike Egues,Jeremy Ofseyer,1985
,,,,
1,Massachusetts,Mark Friedman,Danny Povinelli,1986
2,Dartmouth,Erik Jaffe,Chrissy Mahoney,1986
3,Baylor,Mark Dyer,Lyn Robbins,1986
4,North Carolina,Mike Egues,Jeremy Ofseyer,1986
5,Emory,Scott Segal,Michael Weiss,1986
6,Northwestern,Les Lynn,Cate Palczewski,1986
7,Redlands,Jeff LaFave,Jeff Leon,1986
8,University of Kentucky,David Brownell,Ouita Papka,1986
9,Eastern Illinois,Jon-Pierre Frenza,James Lucas,1986
10,Kansas,John Culver,George Lopez,1986
11,University of Kentucky,Paul Flowers,Eric Kupferberg,1986
12,Dartmouth,Craig Budner,Ron Merriman,1986
13,Georgetown,Michael Mazarr,Stuart Rabin,1986
14,Samford,Gus Boozer,Keith Herron,1986
15,Gonzaga,Bob Gilmore,Peter Hammer,1986
16,Baylor,David Giardina,Griffin Vincent,1986
,,,,
1,Baylor,Lyn Robbins,Griffin Vincent,1987
2,Kansas,John Culver,George Lopez,1987
3,Redlands,Jeff LaFave,Jeff Leon,1987
4,Dartmouth,Craig Budner,Chrissy Mahoney,1987
5,Dartmouth,Shaun Martin,Rob Wick,1987
6,Harvard,Marc Goldman,Charlie Synn,1987
7,Northwestern,Julie Arthur,Ben Attias,1987
8,Baylor,David Giardina,Martin Loeber,1987
9,Northwestern,Gordon Mitchell,Cate Palczewski,1987
10,Kansas,Steve Ellis,Barry Pickens,1987
11,University of Kentucky,Scott Hodges,Eric Kupferberg,1987
12,Augustana SD,Greg Abbott,Phil Voight,1987
13,University of Michigan,Denise Loshbough,Jim Speta,1987
14,West Georgia,Alfred Evans,James Sizemore,1987
15,Nebraska,John Fritch,Bradley Walker,1987
16,Louisville,Mike Greco,Russ Rogers,1987
,,,,
1,Northwestern,Ben Attias,Gordon Mitchell,1988
2,Dartmouth,Shaun Martin,Rob Wick,1988
3,University of Michigan,Michael Green,Andrew Schrank,1988
4,Massachusetts,Mark Friedman,Stacey Kinnamon,1988
5,Wake Forest,Gloria Cabada,Alan Coverstone,1988
6,Baylor,Martin Loeber,Danny Plants,1988
7,Kansas,Barry Pickens,Pat Whalen,1988
8,Weber State,Tony Justman,Jimmy Summers,1988
9,Harvard,David Coale,Chris Decker,1988
10,University of Michigan,Denise Loshbough,Jim Speta,1988
11,Emory,Frank Lowrey,Gus Puryear,1988
12,University of Kentucky,Scott Hodges,T.A. McKinney,1988
13,Loyola Marymount,Todd Flaming,Madison Laird,1988
14,Northern Iowa,Aaron Hawbaker,Ken Schuler,1988
15,Baylor,David Giardina,Robert Wood,1988
16,Louisville,Mike Greco,Russ Rogers,1988
,,,,
1,Baylor,Martin Loeber,Danny Plants,1989
2,Northwestern,Gordon Mitchell,Dani Reiter,1989
3,University of Michigan,Andrew Schrank,Joe Thompson,1989
4,Harvard,David Coale,Alex Lennon,1989
5,University of Michigan,David Brownell,Denise Loshbough,1989
6,Emory,Frank Lowrey,Gus Puryear,1989
7,Weber State,Ted Bixby,Jim Summers,1989
8,Kansas,Charles Krauss,Barry Pickens,1989
9,Pittsburgh,Carl Craver,Jarle Crocker,1989
10,Redlands,David Herrick,Marc Rubinstein,1989
11,Wake Forest,Alan Coverstone,Judd Kimball,1989
12,Dartmouth,Scott Groussman,Neal Katyal,1989
13,University of Kentucky,T.A. McKinney,Calvin Rockefeller,1989
14,Northern Iowa,Aaron Hawbaker,Ken Schuler,1989
15,George Mason,Alan Stewart,Laura Tuell-Parcher,1989
16,Kansas,Peter Canninstra,Pat Whalen,1989
,,,,
1,Harvard,David Coale,Alex Lennon,1990
2,Northern Iowa,Aaron Hawbaker,Ken Schuler,1990
3,Redlands,Rodger Cole,Marc Rubinstein,1990
4,Wake Forest,Alan Coverstone,Judd Kimball,1990
5,Dartmouth,Scott Groussman,Neal Katyal,1990
6,Loyola Marymount,David Breshears,Madison Laird,1990
7,University of Kentucky,T.A. McKinney,Calvin Rockefeller,1990
8,Iowa,Nathan Coco,Charles Smith,1990
9,Weber State,Ted Bixby,James Martin,1990
10,Harvard,Samuel Cooper,Matthew Schnall,1990
11,Texas,Ryan Goodman,David Hugin,1990
12,Emory,Jason Bergman,Jeffrey Richardson,1990
13,Emory,Jim Archibald,Darren Summerville,1990
14,George Mason,Alan Stewart,Laura Tuell-Parcher,1990
15,Iowa,Randal Sandler,Shawn Shearer,1990
16,Pittsburgh,Frank Bender,Jarle Crocker,1990
,,,,
1,Redlands,Rodger Cole,Marc Rubinstein,1991
2,Dartmouth,Kenny Agran,Neal Katyal,1991
3,University of Michigan,Colin Kahl,Matthew Shors,1991
4,University of Kentucky,T.A. McKinney,David Walsh,1991
5,Wake Forest,Brian Lain,Mike Ridge,1991
6,Iowa,Nathan Coco,Charles Smith,1991
7,Redlands,Paul Derby,Kevin Tessier,1991
8,Texas,Nikheel Dhekne,David Wyrick,1991
9,George Mason,Edward Lang,Laura Tuell-Parcher,1991
10,Iowa,Omar Guevara,Randal Sandler,1991
11,Augustana SD,Michael LeMay,Chris Moorhead,1991
12,Wake Forest,Mark Grant,Bill Ziegelmueller,1991
13,Pittsburgh,Frank Bender,Jarle Crocker,1991
14,Texas,David Breshears,Brian McBride,1991
15,Emory,Jeffrey Richardson,Darren Summerville,1991
16,Northwestern,Elizabeth Murphy,Daniel Sturgis,1991
,,,,
1,Dartmouth,Kenny Agran,Ara Lovitt,1992
2,Georgetown,Ahilan Arulanantham,Kevin Kuswa,1992
3,Iowa,Nathan Coco,Charles Smith,1992
4,Redlands,Paul Derby,Kevin Tessier,1992
5,Texas,Ryan Goodman,James Martin,1992
6,Wake Forest,Brian Lain,Mike Ridge,1992
7,Iowa,Omar Guevara,Randal Sandler,1992
8,Texas,Brian McBride,David Wyrick,1992
9,Augustana SD,Michael LeMay,Chris Moorhead,1992
10,North Carolina,Tom Goldstein,Joy Rhyne,1992
11,Harvard,Fred Karem,Rebecca Tushnet,1992
12,Wayne State,Toby Arquette,Derek Gaffrey,1992
13,Baylor,Rod Phares,Bill Trapani,1992
14,Georgetown,Anup Malani,Tim McCrae,1992
15,Northwestern,Bridget Brocken,Russell Keller,1992
16,Wake Forest,Rich Fledderman,Mark Grant,1992
,,,,
1,Dartmouth,Ara Lovitt,Steven Sklaver,1993
2,Georgetown,Ahilan Arulanantham,Eric Truett,1993
3,Wayne State,Toby Arquette,Derek Gaffrey,1993
4,Texas,Ryan Goodman,Brian McBride,1993
5,Wake Forest,Rich Fledderman,Mark Grant,1993
6,Texas,David Breshears,Daniel Kern,1993
7,George Mason,Ryan Galloway,Gordon Stables,1993
8,West Georgia,Michael Hester,Nathan Holmes,1993
9,University of Michigan,Jennifer Ouding,Matthew Shors,1993
10,Georgetown,Anup Malani,Tim McCrae,1993
11,Kansas,Tim Howard,Josh Zive,1993
12,Wake Forest,Joseph Peery,Marcia Tiersky,1993
13,Harvard,Mike Gordin,Dan Nexon,1993
14,University of Kentucky,Jason Renzelmann,Paul Skiermont,1993
15,Iowa,Jeff Kueter,Ernest Wagner,1993
16,Harvard,Kami Hayashi,Rebecca Tushnet,1993
,,,,
1,University of Kentucky,Jason Patil,Paul Skiermont,1994
2,Harvard,Kami Hayashi,Rebecca Tushnet,1994
3,Emory,Charlie Henn,Jon Sharp,1994
4,Harvard,Stephen Andrews,Fred Karem,1994
5,Kansas,Ryan Boyd,Josh Zive,1994
6,Texas,Mark McPherson,Justin Shrader,1994
7,Northwestern,Sean McCaffity,Jody Terry,1994
8,Wayne State,Toby Arquette,Jennifer Kowalski,1994
9,George Mason,Ryan Galloway,Gordon Stables,1994
10,Iowa,Tiffany Earl,Monte Johnson,1994
11,University of Kentucky,Jason Renzelmann,Trevor Wells,1994
12,Redlands,Tim Barouch,Chris Lundberg,1994
13,Texas,Jonathan Brody,Eric Emerson,1994
14,Dartmouth,John O’Shea,Marc Wilson,1994
15,Wake Forest,Adrienne Brovero,Marcia Tiersky,1994
16,Northwestern,Sinan Aral,Mason Miller,1994
,,,,
1,Wake Forest,Adrienne Brovero,John Hughes,1995
2,University of Kentucky,Jay Finch,Paul Skiermont,1995
3,Harvard,Stephen Andrews,Rebecca Tushnet,1995
4,Dartmouth,Andre Hylton,Marc Wilson,1995
5,Texas,Jonathan Brody,Eric Emerson,1995
6,Emory,Charlie Henn,Jamie McKown,1995
7,Redlands,Timothy Barouch,Chris Lundberg,1995
8,Dartmouth,David Reymann,Jonathan Reymann,1995
9,Northwestern,Sinan Aral,Mason Miller,1995
10,Northwestern,Sean McCaffity,Jody Terry,1995
11,Iowa,Tiffany Earl,Laura Veldkamp,1995
12,Wayne State,Chris LaVigne,Ron Stevenson,1995
13,Georgia,Paul Barsness,Leonard Neighbors,1995
14,University of Michigan,Michael Dickler,Scott Hessell,1995
15,Iowa,Ernest Wagner,Alison Werner,1995
16,Wake Forest,Brian Prestes,Bryan Yeazel,1995
,,,,
1,Northwestern,Sean McCaffity,Mason Miller,1996
2,Dartmouth,Andre Hylton,Marc Wilson,1996
3,Wake Forest,John Hughes,Brian Prestes,1996
4,University of Michigan,Michael Dickler,Scott Hessell,1996
5,Redlands,Demetrius Lambrinos,Chris Lundberg,1996
6,Iowa,Chris Mutel,Corey Rayburn,1996
7,Dartmouth,David Reymann,Jonathan Reymann,1996
8,Emory,David Heidt,Kate Shuster,1996
9,Wayne State,Chris LaVigne,Brian Wassom,1996
10,Baylor,Charles Blanchard,Kelly Dunbar,1996
11,Georgia,Paul Barsness,Michael Cates,1996
12,Wake Forest,Chris Cooper,Daveed Gartenstein-Ross,1996
13,Liberty,Layla Hinton,Bill Lawrence,1996
14,Northwestern,Brandon Fletcher,Terry Johnson,1996
15,Emory,Ronna Landy,Anjan Sahni,1996
16,West Georgia,Daniel Davis,Jay Harriman,1996
,,,,
1,University of Michigan,Scott Hessell,Corey Stoughton,1997
2,Wake Forest,Daveed Gartenstein-Ross,Brian Prestes,1997
3,Iowa,Andy Peterson,Corey Rayburn,1997
4,Georgia,Paul Barsness,Daniel Davis,1997
5,Louisville,Dave Arnett,Jason Renzelman,1997
6,Northwestern,Michael Gottlieb,Terry Johnson,1997
7,Kansas,Hajir Ardebili,Drew France,1997
8,Harvard,Sanket Bulsara,Sonja Starr,1997
9,Dartmouth,David Hung,Steve Lehotsky,1997
10,Michigan State,Erik Cornellier,John Sullivan,1997
11,Emory,Ronna Landy,Anjan Sahni,1997
12,Emory,Dan Fitzmeier,Stephen Heidt,1997
13,Baylor,Ben Coulter,Kelly Dunbar,1997
14,Gonzaga,Will Brewer,Ian McLoughlin,1997
15,Northwestern,Brandon Fletcher,Leslie Mueller,1997
16,Dartmouth,Robbie Ashe,Greg Mead,1997
,,,,
1,Emory,George Kouros,Anjan Sahni,1998
2,Northwestern,Michael Gottlieb,Ryan Sparacino,1998
3,University of Michigan,Corey Stoughton,Lesley Wexler,1998
4,Georgetown,Jason Kwon,Kelly Steele,1998
5,Harvard,Carl Engstrom,Sonja Starr,1998
6,Iowa,Andy Peterson,Corey Rayburn,1998
7,Michigan State,Erik Cornellier,John Sullivan,1998
8,Georgia,Michael Cates,Christopher McIntosh,1998
9,Emory,Dan Fitzmeier,Stephen Heidt,1998
10,Dartmouth,David Hung,Steve Lehotsky,1998
11,Kansas,Hajir Ardebili,Grant McKeehan,1998
12,Texas,James Griffin,Judd Renken,1998
13,West Georgia,Kris Bonilla,Michael Carver,1998
14,North Texas,Eli Holloway,Cody Morrow,1998
15,CSU Fullerton,Laura Heider,Demetrius Lambrinos,1998
16,Kansas,Mike Eber,Amy Miller,1998
,,,,
1,Northwestern,Michael Gottlieb,Ryan Sparacino,1999
2,Emory,Stephen Bailey,Kamal Ghali,1999
3,Kansas,Mike Eber,Grant McKeehan,1999
4,Emory,Mike Horowitz,Jon Lupo,1999
5,Georgia,Christopher McIntosh,William Roberts,1999
6,Dartmouth,Adam Garen,Steve Lehotsky,1999
7,Michigan State,Steve Donald,Aaron Monick,1999
8,University of Michigan,Jason Hernandez,Kelly Steele,1999
9,Wake Forest,Justin Green,Clay Rhodes,1999
10,Redlands,Mark Graffagnini,John Miller,1999
11,Southern California,Adam Hurder,Roger Stetson,1999
12,University of Michigan,Chris Pudelski,Gabe Scannapieco,1999
13,Iowa,Trevor Foster,Andy Peterson,1999
14,Whitman,Jessica Clarke,Adam Symonds,1999
15,Texas,Kelly Congdon,James Reed,1999
16,Southern California,Melissa Hahn,Lindsay Harrison,1999
,,,,
1,Iowa,Kristin Langwell,Andy Ryan,2000
2,Emory,Stephen Bailey,Kamal Ghali,2000
3,Emory,Larry Heftman,Jeff McNabb,2000
4,Michigan State,Steve Donald,Aaron Monick,2000
5,Kansas,Mike Eber,Grant McKeehan,2000
6,Wake Forest,Cyclone Covey,Wesley Lotz,2000
7,University of Michigan,Chris Pudelski,Gabe Scannapieco,2000
8,Northwestern,Jonathan Paul,Ryan Sparacino,2000
9,Texas,Kirk Evans,Jairus Grove,2000
10,Redlands,Mark Graffagnini,John Miller,2000
11,Gonzaga,Casey Kelly,Aaron Moburg-Jones,2000
12,West Georgia,Sarah Holbrook,Rachel Saloom,2000
13,Dartmouth,Alex Berger,Adam Garen,2000
14,Texas,James Reed,Stephen Stetson,2000
15,Wake Forest,Jarrod Atchison,Emma Filstrup,2000
16,Whitman,Jessica Clarke,Charles Olney,2000
,,,,
1,"California, Berkeley",Randy Luskey,Dan Shalmon,2001
2,Wake Forest,Jarrod Atchison,Wesley Lotz,2001
3,Iowa,Andrew Peterson,Andrew Ryan,2001
4,Dartmouth,Alex Berger,Adam Garen,2001
5,Emory,Stephen Bailey,Kamal Ghali,2001
6,Texas,Nathan Evans,Lloyd Hornbuckle,2001
7,Northwestern,Jacob Foster,Jonathan Paul,2001
8,Michigan State,Austin Carson,Calum Matheson,2001
9,North Texas,Kenda Cunningham,John Hines,2001
10,Fort Hays State,Joe Ramsey,Jason Regnier,2001
11,West Georgia,Rashad Evans,Sarah Holbrook,2001
12,Emory,Josh Lynn,John Rains,2001
13,University of Michigan,Adriana Midence,Carl Sammartino,2001
14,Southern California,Chris McFarlane,Andy Silverman,2001
15,Texas,Pam Bowman,Katerina Hatziavramidis,2001
16,Northwestern,Geoff Garen,Adrianna Kastanek,2001
,,,,
1,Dartmouth,Alex Berger,Ben Thorpe,2002
2,Northwestern,Jacob Foster,Jonathan Paul,2002
3,Michigan State,Austin Carson,Calum Matheson,2002
4,"California, Berkeley",Stacy Nathan,Dan Shalmon,2002
5,Whitman,Thad Blank,Chales Olney,2002
6,Michigan State,Greta Stahl,David Strauss,2002
7,Fort Hays State,Joe Ramsey,Jason Regnier,2002
8,Emory,John Rains,Kacey Wolmer,2002
9,University of Kentucky,Russ Hubbard,Mike Tetzlaff,2002
10,Northwestern,Paul Flaig,Geoff Garen,2002
11,Wake Forest,Rebecca Eaton,Patrick Speice,2002
12,West Georgia,Rashad Evans,Sarah Holbrook,2002
13,Harvard,Michael Klinger,Elliott Tarloff,2002
14,"California, Berkeley",Nathan Haratani,Tejinder Singh,2002
15,Emory,Adam Goldstein,Josh Lynn,2002
16,Southern California,Chris McFarlane,Andy Silverman,2002
,,,,
1,Northwestern,Geoff Garen,Tristan Morales,2003
2,Emory,Josh Lynn,Scott Phillips,2003
3,"California, Berkeley",Stacy Nathan,Dan Shalmon,2003
4,Michigan State,Greta Stahl,David Strauss,2003
5,Whitman,Thad Blank,Charles Olney,2003
6,Georgia,Shawn Powers,Naveen Ramachandrappa,2003
7,Michigan State,Calum Matheson,Joe Siegmann,2003
8,Northwestern,Raja Gaddipati,Jim Lux,2003
9,Wake Forest,Rebecca Eaton,Patrick Speice,2003
10,"California, Berkeley",Gaurav Reddy,Tejinder Singh,2003
11,University of Michigan,Jonah Feldman,John Oden,2003
12,Dartmouth,Andrew Leong,John Turner,2003
13,Fort Hays State,Jason Regnier,Brent Saindon,2003
14,Dartmouth,Brian Smith,Ben Thorpe,2003
15,Emory,Mike Beckley,Henry Liu,2003
16,Harvard,Christine Malumphy,Elliott Tarloff,2003
,,,,
1,"California, Berkeley",Dan Shalmon,Tejinder Singh,2004
2,Michigan State,Greta Stahl,David Strauss,2004
3,Emory,Scott Phillips,Casey Wolmer,2004
4,Harvard,Michael Klinger,Elliott Tarloff,2004
5,Georgia,Naveen Ramachandrappa,Hays Watson,2004
6,North Texas,Nirav Patel,Johnny Prieur,2004
7,Emory,Mike Beckley,Henry Liu,2004
8,Northwestern,Jim Lux,Tristan Morales,2004
9,"California, Berkeley",Stacey Nathan,Reid Shannon,2004
10,Dartmouth,Maggie Berthiaume,Brian Smith,2004
11,Texas,Sara Apel,Varant Yegparian,2004
12,Wake Forest,Jamie Carroll,Brad Hall,2004
13,Northwestern,Josh Branson,Scott Gottbrecht,2004
14,Texas,Kip Brar,Alex More,2004
15,Michigan State,Aaron Hardy,Shaun VanHorn,2004
16,Redlands,Teddy Albiniak,Orion Steele,2004
,,,,
1,Northwestern,Josh Branson,Tristan Morales,2005
2,Harvard,Michael Klinger,Elliott Tarloff,2005
3,"California, Berkeley",Stacey Nathan,Craig Wickersham,2005
4,Michigan State,Aaron Hardy,Shaun VanHorn,2005
5,"California, Berkeley",Guarav Reddy,Reid Shannon,2005
6,Texas,Sara Apel,Alex More,2005
7,Dartmouth,Kathryn Clark,Brian Smith,2005
8,Wake Forest,Jamie Carroll,Brad Hall,2005
9,West Georgia,Joe Koehle,James Thomas,2005
10,Emory,Stephen Chaudoin,Cyrus Ghavi,2005
11,Emory,Mike Greenstein,Vicky Palomo,2005
12,Dartmouth,Maggie Berthiaume,Jeremy Martin,2005
13,Michigan State,Ryan Burke,Casey Harrigan,2005
14,Harvard,Dan Luxemburg,Christine Malumphy,2005
15,Kansas,Matthew Cormack,Lindy Simonsen,2005
16,Northwestern,Avery Dale,Anthony Jardina,2005
,,,,
1,Harvard,Michael Klinger,Nikhil Mirchandani,2006
2,"California, Berkeley",Mike Burshteyn,Craig Wickersham,2006
3,Michigan State,Ryan Burke,Casey Harrigan,2006
4,Northwestern,Josh Branson,Noah Chestnut,2006
5,Dartmouth,Kathryn Clark,Brian Smith,2006
6,Emory,Cyrus Ghavi,Scott Phillips,2006
7,Dartmouth,Hunter Brooks,David Marks,2006
8,Emory,Stephen Chaudoin,Roy Levkowitz,2006
9,Wake Forest,Jamie Carroll,Brad Hall,2006
10,Wayne State,Matt Farmer,Gabe Murillo,2006
11,George Washington,Brian Linder,Brett Wallace,2006
12,Kansas,Matt Cormack,Andrew Jennings,2006
13,Whitman,Matt Schissler,Eric Suni,2006
14,Idaho State,Izak Dunn,Jessica Yeats,2006
15,Missouri State,Matthias Bostick,Michael Mapes,2006
16,Georgia,Brent Culpepper,Kevin Rabinowitz,2006
,,,,
1,Georgia,Brent Culpepper,Kevin Rabinowitz,2007
2,Oklahoma,Conor Cleary,Blake Johnson,2007
3,Kansas,Brett Bricker,Andrew Jennings,2007
4,Dartmouth,Kathryn Clark,Kade Olsen,2007
5,Wayne State,Gabe Murillo,Andy Timmons,2007
6,Emory,Aimi Hamraie,Julie Hoehn,2007
7,Harvard,Eli Anders,Jason Murray,2007
8,Northwestern,Zach Brown,John Warden,2007
9,Northwestern,Noah Chestnut,Ravi Shankar,2007
10,Harvard,Nikhil Mirchandani,Tripp Rebrovick,2007
11,Idaho State,Paul Montreuil,Jessica Yeats,2007
12,Whitman,Ross Richendrfer,Matt Schissler,2007
13,CSU Fullerton,Luis Magallon,Brenda Montes,2007
14,Southern California,Alex Iftimie,Mike Smith,2007
15,Missouri – Kansas City,Amy Foster,Malcolm Gordon,2007
16,Emory,Nicholas Miller,Pradeep Pramanick,2007
,,,,
1,California – Berkeley,Michael Burshteyn,Jacob Polin,2008
2,Emory,Julie Hoehn,Stephen Weil,2008
3,Harvard,Eli Anders,Jason Murray,2008
4,Dartmouth,Josh Kernoff,Kade Olsen,2008
5,Kansas,Brett Bricker,Andrew Jennings,2008
6,Northwestern,Matt Fisher,John Warden,2008
7,Wake Forest,Seth Gannon,Alex Lamballe,2008
8,University of Michigan,Adam Farra,Dylan Keenan,2008
9,Harvard,Tripp Rebrovick,Jonathan Warsh,2008
10,Emory,Nicholas Miller,Chipp Schwab,2008
11,West Georgia,Geoff Lundeen,Jim Schultz,2008
12,Missouri State,Martin Osborn,Clay Webb,2008
13,Michigan State,Garrett Abelkop,Carly Wunderlich,2008
14,Kansas,Nate Johnson,Chris Stone,2008
15,Southern California,Chris Jones,Mike Jones,2008
16,Northwestern,Caitlin Bruce,Rob Mulholand,2008
,,,,
1,Northwestern,Matt Fisher,John Warden,2009
2,Kansas,Brett Bricker,Nate Johnson,2009
3,Wake Forest,Seth Gannon,Alex Lamballe,2009
4,"California, Berkeley",Mike Burshteyn,Jacob Polin,2009
5,Emory,Nicholas Miller,Chip Schwab,2009
6,Emory,Matt Senghas,Stephen Weil,2009
7,Harvard,Tripp Rebrovick,Geoff Smith,2009
8,West Georgia,Vince Binder,Jim Schultz,2009
9,Towson,Deven Cooper,Dayvon Love,2009
10,Michigan State,Garrett Abelkop,Carly Wunderlich,2009
11,Mary Washington,Kevin Kallmyer,Matt Struth,2009
12,North Texas,Kuntal Cholera,Grant Peretz,2009
13,Dartmouth,Shane Avidan,Caroline Harkins,2009
14,Southern California,Mike Jones,Mima Lazarevic,2009
15,Whitman,Nate Cohn,Daniel Straus,2009
16,Oklahoma,R.J. Giglio,Nick Watts,2009
,,,,
1,Emory,Ovais Inamullah,Stephen Weil,2010
2,Northwestern,Matt Fisher,Stephanie Spies,2010
3,Michigan State,Eric Lanning,Carly Wunderlich,2010
4,Harvard,Eli Jacobs,Alex Parkinson,2010
5,Whitman,Nate Cohn,Daniel Straus,2010
6,Texas – Dallas,Andrew Baker,Brian Rubaie,2010
7,Mary Washington,Kevin Kallmyer,Peter Susko,2010
8,Wake Forest,Sam Crichton,Will Sears,2010
9,West Georgia,Tyler Boykin,Jim Schultz,2010
10,Georgia,Brittany Cambre,Mike Lacy,2010
11,California – Berkeley,James Brockaway,Rahul Jaswa,2010
12,Oklahoma,R.J. Giglio,Nick Watts,2010
13,Kansas,Patrick Kennedy,Chris Stone,2010
14,Wake Forest,Mike Carlotti,Carlos Maza,2010
15,Missouri State,Jordan Foley,Matt Kearney,2010
16,Kansas,Sean Kennedy,Dylan Quigley,2010
,,,,
1,Emory,Ovais Inamullah,Stephen Weil,2011
2,Harvard,Eli Jacobs,Alex Parkinson,2011
3,Northwestern,Matt Fisher,Stephanie Spies,2011
4,"California, Berkeley",Kathy Bowen,Jacob Polin,2011
5,Oklahoma,R.J. Giglio,Nick Watts,2011
6,Northwestern,Ryan Beiermeister,Layne Kirshon,2011
7,Kansas,Sean Kennedy,Dylan Quigley,2011
8,University of Michigan,Maria Liu,Edmund Zagorin,2011
9,Vanderbilt,Nicholas Brown,Cameron Norris,2011
10,Kansas,Patrick Kennedy,Mathew Petersen,2011
11,Loyola Marymount,Jack Ewing,James Mollison,2011
12,Gonzaga,Paul Kanellopoulos,Leah Moczulski,2011
13,Georgia,Mike Lacy,Austin Layton,2011
14,Towson,Ben Crossan,Fernando Kirkman,2011
15,Texas – Dallas,Andrew Baker,Collin Roark,2011
16,Georgetown,Richard Day,Andrew Markoff,2011
,,,,
1,Northwestern,Ryan Beiermeister,Layne Kirshon,2012
2,Georgetown,Andrew Arsht,Andrew Markoff,2012
3,Loyola Marymount,Jack Ewing,James Mollison,2012
4,Gonzaga,Paul Kanellopoulos,Leah Moczulski,2012
5,Kansas,Patrick Kennedy,Sean Kennedy,2012
6,Northwestern,Peyton Lee,Arjun Vellayappan,2012
7,University of Michigan,Ellis Allen,Maria Liu,2012
8,"California, Berkeley",Andres Gannon,Sarah Weiner,2012
9,Emporia State,Ryan Wash,LaToya Williams-Green,2012
10,Georgia,Mike Lacy,Austin Layton,2012
11,Harvard,William Karlson,Gabrielle Tandet,2012
12,Baylor,John Cook,Ashley Morgan,2012
13,Wake Forest,Francisco Bencosme,Mike Carlotti,2012
14,Michigan State,Evan Hebert,Kaavya Ramesh,2012
15,Wake Forest,Andrew McCarty,Ian Miller,2012
16,Kansas,Mathew Petersen,Mark Wilkins,2012
,,,,
1,Georgetown,Andrew Arsht,Andrew Markoff,2013
2,Northwestern,Peyton Lee,Arjun Vellayappan,2013
3,Harvard,Bradley Bolman,Michael Suo,2013
4,Wake Forest,Joe LeDuc,Ian Miller,2013
5,Mary Washington,Patrick McCleary,Colin McElhinny,2013
6,University of Michigan,Ellis Allen,Alex Pappas,2013
7,West Georgia,Damiyr Davis,Miguel Feliciano,2013
8,Harvard,Anna Dimitrijevic,Daniel Taylor,2013
9,Michigan State,Evan Hebert,Kaavya Ramesh,2013
10,Emory,Matthew Pesce,Jason Sigalos,2013
11,University of Michigan,Kyle Deming,Kevin Hirn,2013
12,Oklahoma,Rashid Campbell,George Lee,2013
13,Oklahoma,Chris Leonardi,Michael Masterson,2013
14,Emporia State,Elijah Smith,Ryan Wash,2013
15,Wake Forest,Ken Bailey,Richard Min,2013
16,Minnesota,Cody Crunkilton,Miranda Ehrlich,2013
,,,,
1,Northwestern,Alex Miles,Arjun Vellayappan,2014
2,Harvard,Bradley Bolman,Michael Suo,2014
3,Georgetown,Andrew Arsht,Andrew Markoff,2014
4,University of Michigan,Ellis Allen,Alex Pappas,2014
5,Rutgers – Newark,Chris Randall,Elijah Smith,2014
6,Mary Washington,Colin McElhinny,Tom Pacheco,2014
7,Wake Forest,Joe LeDuc,Melvin Washington,2014
8,Wake Forest,Richard Min,Lee Quinn,2014
9,Oklahoma,Rashid Campbell,George Lee,2014
10,Towson,Korey Johnson,Ameena Ruffin,2014
11,California – Berkeley,Srinidhi Muppalla,John Spurlock,2014
12,Georgetown,Tyler Engler,Andrew McCoy,2014
13,Harvard,Anna Dimitrijevic,Daniel Taylor,2014
14,Michigan State,Kaavya Ramesh,Tyler Thur,2014
15,West Georgia,Marquis Ard,Hakeem Muhammad,2014
16,Kansas,Chris Birzer,Melanie Campbell,2014
,,,,
1,Northwestern,Alex Miles,Arjun Vellayappan,2015
2,University of Michigan,Ellis Allen,Alex Pappas,2015
3,Harvard,Bradley Bolman,Michael Suo,2015
4,Harvard,Anna Dimitrijevic,David Herman,2015
5,Emory,Viveth Karthikeyan,Jason Sigalos,2015
6,Michigan State,Marge Strong,Tyler Thur,2015
7,Minnesota,Cody Crunkilton,Miranda Ehrlich,2015
8,Georgetown,Ezra Louvis,Andrew McCoy,2015
9,University of Michigan,Joe Krakoff,Will Morgan,2015
10,Oklahoma,Marquis Ard,James Chiles,2015
11,Michigan State,Jack Caporal,Quinn Zemel,2015
12,"Cal, Berkeley",Mimi Sergent-Leventhal,Michael Wimsatt,2015
13,George Mason,Young Kwon,Kyle Lastovica,2015
14,Kansas,Jylessa Hampton,Quaram Robinson,2015
15,Wake Forest,Erica Duff,Maddie Langr,2015
16,"California, Berkeley",Srinidhi Muppalla,John Spurlock,2015
,,,,
1,Harvard,David Herman,Hemanth Sanjeev,2016
2,University of Michigan,Joe Krakoff,Will Morgan,2016
3,Emory,Viveth Karthikeyan,Jason Sigalos,2016
4,Michigan State,Marge Strong,Tyler Thur,2016
5,Wake Forest,Charles Athanasopoulos,Corinne Sugino,2016
6,"Cal, Berkeley",Mimi Sergent-Leventhal,Michael Wimsatt,2016
7,"California, Berkeley",Srinidhi Muppalla,John Spurlock,2016
8,Georgetown,Natalie Knez,Ezra Louvis,2016
9,Rutgers – Newark,Devane Murphy,Nicole Nave,2016
10,University of Kentucky,Donald Grasse,Theo Noparstak,2016
11,Northwestern,Evan McCarty,Connor O’Brien,2016
12,Liberty,Timothy Byram,Vida Chiri,2016
13,West Georgia,Hakeem Muhammad,Khalid Sharif,2016
14,Vermont,Taylor Brough,Khalid Lee,2016
15,Emory,Brian Klarman,Kristen Lowe,2016
16,University of Kentucky,Jonathan Geldof,Ava Vargason,2016
,,,,
1,Harvard,Ayush Midha,Hemanth Sanjeev,2017
2,Georgetown,Natalie Knez,Ezra Louvis,2017
3,"California, Berkeley",Srinidhi Muppalla,John Spurlock,2017
4,Wake Forest,Charles Athanasopoulos,Corinne Sugino,2017
5,"California, Berkeley",Miles Gray,Michael Wimsatt,2017
6,Emory,Alex Gazmararian,Viveth Karthikeyan,2017
7,"Rutgers, Newark",Devane Murphy,Nicole Nave,2017
8,Southern California,Aron Berger,Hex Larsen,2017
9,Emory,Saul Forman,Kristen Lowe,2017
10,Kansas,Jacob Hegna,Henry Walter,2017
11,Kansas,Kenny Delph,Quaram Robinson,2017
12,Northwestern,Christopher Callahan,Pauline Esman,2017
13,University of Kentucky,Dan Bannister,Anthony Trufanov,2017
14,Oklahoma,Nicolas Juarez,Darius White,2017
15,"Missouri, Kansas City",Corey Aaron,Anthony Thomas,2017
16,University of Michigan,Tommy Donovan,Dustin Meyers-Levy,2017
,,,,
1,Kansas,Will Katz,Quaram Robinson,2018
2,Harvard,Ayush Midha,Hemanth Sanjeev,2018
3,"Nevada, Las Vegas",Matt Gomez,Jeffrey Horn,2018
4,Wake Forest,Charles Athanasopoulos,DJ Williams,2018
5,University of Kentucky,Dan Bannister,Anthony Trufanov,2018
6,Emory,Saul Forman,Alex Gazmararian,2018
7,Northwestern,Christopher Callahan,Pauline Esman,2018
8,Georgia,Swapnil Agrawal,Advait Ramanan,2018
9,Southern California,Aron Berger,Hex Larsen,2018
10,Georgetown,David Bernstein,Natalie Knez,2018
11,Wake Forest,Nae Edwards,Roberto Fernandez,2018
12,Central Oklahoma,Derek Hilligoss,Jasmine Stidham,2018
13,Harvard,Lev Asimow,Manny Medrano,2018
14,Georgia,Nathan Rice,Johnnie Stupek,2018
15,Emory,Zahir Shaikh,Gabi Yamout,2018
16,University of Kentucky,Amar Adam,Theo Noparstak,2018
,,,,
1,University of Kentucky,Dan Bannister,Anthony Trufanov,2019
2,Harvard,John Cooper,Ayush Midha,2019
3,Georgia,Swapnil Agrawal,Advait Ramanan,2019
4,Emory,Alex Gazmararian,Zahir Shaikh,2019
5,"California, Berkeley",Nathan Fleming,Miles Gray,2019
6,Oklahoma,Nicolas Juarez,Jacob Smith,2019
7,Georgia,Nathan Rice,Johnnie Stupek,2019
8,Wake Forest,Nae Edwards,Roberto Fernandez,2019
9,Northwestern,Gabriel Jankovsky,Joe Weideman,2019
10,Oklahoma,Jazmine Pickens,Darius White,2019
11,"Nevada, Las Vegas",Jeffrey Horn,Ember Smith,2019
12,University of Michigan,Jacob Goldschlag,Caitlin Walrath,2019
13,Binghamton,James Allan,Jeffrey Yan,2019
14,Kansas,Jacob Hegna,Nate Martin,2019
15,Liberty,Michael Harrington,Brianna Thomas,2019
16,"California, Berkeley",Nishad Neelakandan,Rahul Ramesh,2019
,,,,
1,"California, Berkeley",Nathan Fleming,Miles Gray,2020
2,Emory,Eugenia Giampetruzzi,Zahir Shaikh,2020
3,Northwestern,Gabriel Jankovsky,Joe Weideman,2020
4,"California, Berkeley",Nishad Neelakandan,Rahul Ramesh,2020
5,Kansas,Azja Butler,Kenny Delph,2020
6,Dartmouth,Joseph Estrada,Raam Tambe,2020
7,Wake Forest,Nae Edwards,Roberto Fernandez,2020
8,University of Michigan,Rafael Pierry,Giorgio Rabbini,2020
9,Baylor,Alec Ramsey,Elan Wilson,2020
10,University of Kentucky,Chris Eckert,Genevieve Hackman,2020
11,Rutgers – Newark,David Asafu-Adjaye,Ryan Hemnarine,2020
12,Harvard,Ishan Bhatt,Julian Habermann,2020
13,Northwestern,Nina Fridman,Stephen Lowe,2020
14,Trinity,Ian Dill,Ansh Khullar,2020
15,Wake Forest,Ari Davidson,Tessa Harper,2020
16,Georgetown,David Bernstein,Raffi Piliero,2020
,,,,
1,Dartmouth,Raam Tambe,Tyler Vergho,2021
2,University of Michigan,Rafael Pierry,Giorgio Rabbini,2021
3,Emory,Eugenia Giampetruzzi,Grace Kessler,2021
4,Kansas,Nate Martin,Graham Revare,2021
5,Northwestern,Nina Fridman,Timothy Wegener,2021
6,Southern California,Julian Kuffour,Kevin Sun,2021
7,University of Michigan,Kelly Phil,Brandon Stras,2021
8,Wake Forest,Ruby Klein,Alex Marban,2021
9,Harvard,Kenji Aoki,Anna Farronay,2021
10,Louisville,Raveen Bryant,Deontrey Yeargin,2021
11,Wake Forest,Roberto Fernandez,Tessa Harper,2021
12,Texas,Het Desai,Zachary Watts,2021
13,"California, Berkeley",Julian Bellavita,Katie Wimsatt,2021
14,University of Kentucky,Jordan Di,David Griffith,2021
15,Kansas,Azja Butler,Ross Fitzpatrick,2021
16,Emory,Andrew Pak,Shreyas Rajagopal,2021
,,,,
1,University of Michigan,Rafael Pierry,Giorgio Rabbini,2022
2,Northwestern,Akash Deo,Nina Fridman,2022
3,Emory,Eugenia Giampetruzzi,Grace Kessler,2022
4,Southern California,Julian Kuffour,Kevin Sun,2022
5,Harvard,Aden Barton,Julian Habermann,2022
6,Dartmouth,Arvind Shankar,Tyler Vergho,2022
7,Harvard,Kenji Aoki,Anna Farronay,2022
8,Kansas,Mickey McMahon,Michael Scott,2022
9,Liberty,Kat Cazeau,Natalie Robinson,2022
10,George Mason,Eliza Buckner,Noah Graham,2022
11,Dartmouth,Holland Bald,Gabriel Chang-Deutsch,2022
12,University of Michigan,Kelly Phil,Kelly Skoulikaris,2022
13,University of Kentucky,Jordan Di,David Griffith,2022
14,Texas,Het Desai,Arnav Kashyap,2022
15,"Cal, Berkeley",Mark Eusterman,Michael Eusterman,2022
16,Wake Forest,Ari Davidson,Rylie Torguson,2022
,,,,
1,University of Michigan,Kelly Phil,Rafael Pierry,2023
2,Emory,Eugenia Giampetruzzi,Grace Kessler,2023
3,Wake Forest,Tajaih Robinson,Iyana Trotman,2023
4,Dartmouth,Arvind Shankar,Tyler Vergho,2023
5,Wake Forest,Ana Bittner,Ari Davidson,2023
6,Kansas,Mickey McMahon,Michael Scott,2023
7,University of Michigan,Joshua Harrington,Giorgio Rabbini,2023
8,Dartmouth,Holland Bald,Gabriel Chang-Deutsch,2023
9,Texas,Het Desai,Arnav Kashyap,2023
10,CSU Long Beach,Diego Flores,Curtis Ortega,2023
11,Georgetown,Kieran Lawless,Zidao Wang,2023
12,Emory,Henry Mitchell,Bella Piekut,2023
13,Harvard,Zion Dixon,Leah Yeshitila,2023
14,Northwestern,Akash Deo,Timothy Wegener,2023
15,University of Kentucky,David Griffith,Austin Kiihnl,2023
16,Kansas,Jimin Park,Jet Semrick,2023
,,,,
1,Emory,Grace Kessler,Shreyas Rajagopal,2024
2,University of Michigan,Bennett Dombcik,Kelly Phil,2024
3,CSU Long Beach,Diego Flores,Curtis Ortega,2024
4,Georgetown,Kieran Lawless,Zidao Wang,2024
5,Texas,Het Desai,Arnav Kashyap,2024
6,Wake Forest,Raunak Dua,Jazmyn Luckett,2024
7,Harvard,Sam Church,Chanden Climaco,2024
8,Kansas,John Marshall,Jiyoon Park,2024
9,Kansas,Graham Revare,William Soper,2024
10,University of Kentucky,Jordan Di,David Griffith,2024
11,Harvard,Christian Gines,Oge Ogbogu,2024
12,Dartmouth,Holland Bald,Nora Cai,2024
13,Emory,Henry Mitchell,Bella Piekut,2024
14,Michigan State,Joanna Gusis,Tony Miklovis,2024
15,University of Michigan,Natalie Gao,Conner Shih,2024
16,Northwestern,Max Chuang,Akash Deo,2024
,,,,
1,Kansas,John Marshall,Graham Revare,2025
2,Emory,Daniel Gallagher,Margaret Hecht,2025
3,Dartmouth,Holland Bald,Nora Cai,2025
4,University of Michigan,Eleanor Barrett,Jiyoon Park,2025
5,Binghamton,Jeremiah Cohn,Eli T. Louis,2025
6,University of Kentucky,Jared Adam,Lauren McBlain,2025
7,Northwestern,Akash Deo,Veronica Rubin,2025
8,Michigan State,Joanna Gusis,Stephen Lewis,2025
9,Macalester,Will Kochel,Sam Price,2025
10,Emory,Lucas Lobo,Coralynn Yang,2025
11,CSU Long Beach,Daniel Medina,Curtis Ortega,2025
12,Georgetown,Connelly Cowan,Ben Sayers,2025
13,Wake Forest,Gene Bressler,Alex Mojica,2025
14,Kansas,Rose Larson,Luna Schultz,2025
15,University of Michigan,Avi Shah,Conner Shih,2025
16,West Georgia,Sophia Dal Pra,Jordan Kelle,2025